epoch,step,test/acc,test/loss,val/acc,val/loss
0,9,,,0.7402597665786743,1.6155844926834106
1,19,,,0.9350649118423462,0.5960263013839722
2,20,1.0,0.5015521049499512,,
